{"cameraMode":{"drawMode":0,"name":"Shaded","section":"Shading Mode"},"sceneLighting":false,"audioPlay":false,"sceneViewState":{"m_AlwaysRefresh":false,"showFog":true,"showSkybox":false,"showFlares":true,"showImageEffects":false,"showParticleSystems":true,"showVisualEffectGraphs":true,"m_FxEnabled":true},"in2DMode":false,"pivot":{"x":0.28565359115600588,"y":0.473626971244812,"z":1.3334400653839112},"rotation":{"x":0.01166868582367897,"y":-0.05668322741985321,"z":-0.0006994264549575746,"w":-0.998353898525238},"size":2.36602520942688,"orthographic":false}