{"cameraMode":{"drawMode":0,"name":"Shaded","section":"Shading Mode"},"sceneLighting":false,"audioPlay":false,"sceneViewState":{"m_AlwaysRefresh":false,"showFog":true,"showSkybox":false,"showFlares":true,"showImageEffects":false,"showParticleSystems":true,"showVisualEffectGraphs":true,"m_FxEnabled":true},"in2DMode":false,"pivot":{"x":0.8358088731765747,"y":0.09289157390594483,"z":0.5838232040405273},"rotation":{"x":-0.10247982293367386,"y":-0.22129260003566743,"z":0.023391161113977433,"w":-0.9695291519165039},"size":2.0443451404571535,"orthographic":false}