{"cameraMode":{"drawMode":0,"name":"Shaded","section":"Shading Mode"},"sceneLighting":false,"audioPlay":false,"sceneViewState":{"m_AlwaysRefresh":false,"showFog":true,"showSkybox":false,"showFlares":true,"showImageEffects":false,"showParticleSystems":true,"showVisualEffectGraphs":true,"m_FxEnabled":true},"in2DMode":false,"pivot":{"x":0.05844295024871826,"y":-1.1569688320159913,"z":0.7442973852157593},"rotation":{"x":-0.12112411856651306,"y":-0.17300648987293244,"z":0.021409735083580018,"w":-0.9772403836250305},"size":1.2946102619171143,"orthographic":false}