{"cameraMode":{"drawMode":0,"name":"Shaded","section":"Shading Mode"},"sceneLighting":false,"audioPlay":false,"sceneViewState":{"m_AlwaysRefresh":false,"showFog":true,"showSkybox":false,"showFlares":true,"showImageEffects":false,"showParticleSystems":true,"showVisualEffectGraphs":true,"m_FxEnabled":true},"in2DMode":false,"pivot":{"x":0.15367090702056886,"y":-0.2596321702003479,"z":-0.01003400981426239},"rotation":{"x":-0.008347857743501664,"y":0.5784252285957336,"z":0.005844723898917437,"w":0.8157115578651428},"size":0.8660253882408142,"orthographic":false}