{"cameraMode":{"drawMode":0,"name":"Shaded","section":"Shading Mode"},"sceneLighting":false,"audioPlay":false,"sceneViewState":{"m_AlwaysRefresh":false,"showFog":true,"showSkybox":false,"showFlares":true,"showImageEffects":false,"showParticleSystems":true,"showVisualEffectGraphs":true,"m_FxEnabled":true},"in2DMode":false,"pivot":{"x":-0.15471166372299195,"y":1.137113332748413,"z":-0.2155359387397766},"rotation":{"x":0.24170801043510438,"y":0.41926777362823489,"z":-0.11687822639942169,"w":0.8672905564308167},"size":1.545719861984253,"orthographic":false}