{"cameraMode":{"drawMode":0,"name":"Shaded","section":"Shading Mode"},"sceneLighting":false,"audioPlay":false,"sceneViewState":{"m_AlwaysRefresh":false,"showFog":true,"showSkybox":false,"showFlares":true,"showImageEffects":false,"showParticleSystems":true,"showVisualEffectGraphs":true,"m_FxEnabled":true},"in2DMode":false,"pivot":{"x":0.06015276163816452,"y":-0.4104244112968445,"z":0.22485536336898805},"rotation":{"x":0.1482430249452591,"y":0.5436585545539856,"z":-0.09828106313943863,"w":0.8202738761901856},"size":0.7786287665367127,"orthographic":false}