{"cameraMode":{"drawMode":0,"name":"Shaded","section":"Shading Mode"},"sceneLighting":false,"audioPlay":false,"sceneViewState":{"m_AlwaysRefresh":false,"showFog":true,"showSkybox":false,"showFlares":true,"showImageEffects":false,"showParticleSystems":true,"showVisualEffectGraphs":true,"m_FxEnabled":true},"in2DMode":false,"pivot":{"x":-1.0152852535247803,"y":-0.006711184978485107,"z":1.0438904762268067},"rotation":{"x":0.027328254655003549,"y":0.6578192114830017,"z":-0.023895222693681718,"w":0.7523015737533569},"size":2.712372303009033,"orthographic":false}