{"cameraMode":{"drawMode":0,"name":"Shaded","section":"Shading Mode"},"sceneLighting":false,"audioPlay":false,"sceneViewState":{"m_AlwaysRefresh":false,"showFog":true,"showSkybox":false,"showFlares":true,"showImageEffects":false,"showParticleSystems":true,"showVisualEffectGraphs":true,"m_FxEnabled":true},"in2DMode":false,"pivot":{"x":0.13040141761302949,"y":-0.23057395219802857,"z":0.14488017559051515},"rotation":{"x":-0.002510007005184889,"y":-0.9903854131698608,"z":-0.1372355818748474,"w":0.018116531893610956},"size":2.0660252571105959,"orthographic":false}