{"cameraMode":{"drawMode":0,"name":"Shaded","section":"Shading Mode"},"sceneLighting":true,"audioPlay":false,"sceneViewState":{"m_AlwaysRefresh":false,"showFog":true,"showSkybox":true,"showFlares":true,"showImageEffects":false,"showParticleSystems":true,"showVisualEffectGraphs":true,"m_FxEnabled":true},"in2DMode":false,"pivot":{"x":12.549860000610352,"y":-0.0017413347959518433,"z":-5.504589080810547},"rotation":{"x":0.07974440604448319,"y":0.4651864767074585,"z":-0.042124710977077487,"w":0.8806095719337463},"size":0.5810507535934448,"orthographic":false}