{"cameraMode":{"drawMode":0,"name":"Shaded","section":"Shading Mode"},"sceneLighting":false,"audioPlay":false,"sceneViewState":{"m_AlwaysRefresh":false,"showFog":true,"showSkybox":false,"showFlares":true,"showImageEffects":false,"showParticleSystems":true,"showVisualEffectGraphs":true,"m_FxEnabled":true},"in2DMode":false,"pivot":{"x":0.7340763807296753,"y":0.6062978506088257,"z":-0.1957903802394867},"rotation":{"x":-0.010214855894446373,"y":0.9247280955314636,"z":0.02465631626546383,"w":0.37975409626960757},"size":1.5574467182159424,"orthographic":false}