{"cameraMode":{"drawMode":0,"name":"Shaded","section":"Shading Mode"},"sceneLighting":false,"audioPlay":false,"sceneViewState":{"m_AlwaysRefresh":false,"showFog":true,"showSkybox":false,"showFlares":true,"showImageEffects":false,"showParticleSystems":true,"showVisualEffectGraphs":true,"m_FxEnabled":true},"in2DMode":false,"pivot":{"x":0.9121613502502441,"y":-0.2897512912750244,"z":0.37235045433044436},"rotation":{"x":-0.16954997181892396,"y":-0.453027606010437,"z":0.08822249621152878,"w":-0.8707873821258545},"size":1.5574467182159424,"orthographic":false}