{"cameraMode":{"drawMode":0,"name":"Shaded","section":"Shading Mode"},"sceneLighting":false,"audioPlay":false,"sceneViewState":{"m_AlwaysRefresh":false,"showFog":true,"showSkybox":false,"showFlares":true,"showImageEffects":false,"showParticleSystems":true,"showVisualEffectGraphs":true,"m_FxEnabled":true},"in2DMode":false,"pivot":{"x":0.3376755714416504,"y":0.008419990539550782,"z":0.5517139434814453},"rotation":{"x":-0.3377003073692322,"y":-0.38327786326408389,"z":0.15300163626670838,"w":-0.8459597826004028},"size":3.2660250663757326,"orthographic":false}