{"cameraMode":{"drawMode":0,"name":"Shaded","section":"Shading Mode"},"sceneLighting":false,"audioPlay":false,"sceneViewState":{"m_AlwaysRefresh":false,"showFog":true,"showSkybox":false,"showFlares":true,"showImageEffects":false,"showParticleSystems":true,"showVisualEffectGraphs":true,"m_FxEnabled":true},"in2DMode":false,"pivot":{"x":-0.31175506114959719,"y":-0.5329870581626892,"z":0.4772011935710907},"rotation":{"x":-0.17941398918628694,"y":-0.3902263939380646,"z":0.07777956873178482,"w":-0.899746298789978},"size":0.6946101784706116,"orthographic":false}