{"cameraMode":{"drawMode":0,"name":"Shaded","section":"Shading Mode"},"sceneLighting":false,"audioPlay":false,"sceneViewState":{"m_AlwaysRefresh":false,"showFog":true,"showSkybox":false,"showFlares":true,"showImageEffects":false,"showParticleSystems":true,"showVisualEffectGraphs":true,"m_FxEnabled":true},"in2DMode":false,"pivot":{"x":-0.5969533920288086,"y":-1.9061341285705567,"z":0.43377768993377688},"rotation":{"x":-0.46621185541152956,"y":0.3330795466899872,"z":-0.19508446753025056,"w":-0.7960516214370728},"size":2.9660251140594484,"orthographic":false}